,Train r2,Train RMSE,Test r2,Test RMSE
KNRegressor_minmax,0.266946,40.771489,-0.091121,52.19847
KNRegressor_pca,0.267452,40.757392,-0.093154,52.247074
DecisionTree_standard,0.015645,47.245917,0.013386,49.635784
DecisionTree_robust,0.015399,47.251834,0.014689,49.603
XGBoost,0.230241,41.77974,0.036613,49.048042
XGBoost_robust,0.23065,41.768656,0.036294,49.056157
